{
  "drizzle-version": "2.0.1",
  "drizzle-db-ai-interview-mocker": {
    "state": {
      "styleMode": "default",
      "currentPage": "main",
      "filterViews": {},
      "isSidebarOpen": true,
      "isShowSidebarContent": true,
      "filtersVisible": false,
      "sidebarWidth": 268,
      "currentSchema": {
        "name": "public",
        "tables": [],
        "views": []
      },
      "currentTable": {
        "name": "mockInterview",
        "columns": [
          {
            "name": "id",
            "type": "number",
            "hasDefault": true,
            "isUnique": false,
            "hasCustomDefault": false,
            "notNull": true,
            "_type": "serial",
            "width": 120,
            "visible": true
          },
          {
            "name": "jsonMockResp",
            "type": "string",
            "hasDefault": false,
            "isUnique": false,
            "hasCustomDefault": false,
            "notNull": true,
            "_type": "varchar",
            "width": 180,
            "visible": true
          },
          {
            "name": "jobPosition",
            "type": "string",
            "hasDefault": false,
            "isUnique": false,
            "hasCustomDefault": false,
            "notNull": true,
            "_type": "varchar",
            "width": 165,
            "visible": true
          },
          {
            "name": "jobExperience",
            "type": "string",
            "hasDefault": false,
            "isUnique": false,
            "hasCustomDefault": false,
            "notNull": true,
            "_type": "varchar",
            "width": 195,
            "visible": true
          },
          {
            "name": "createdBy",
            "type": "string",
            "hasDefault": false,
            "isUnique": false,
            "hasCustomDefault": false,
            "notNull": true,
            "_type": "varchar",
            "width": 135,
            "visible": true
          },
          {
            "name": "createdAt",
            "type": "string",
            "hasDefault": false,
            "isUnique": false,
            "hasCustomDefault": false,
            "notNull": false,
            "_type": "varchar",
            "width": 135,
            "visible": true
          },
          {
            "name": "mockId",
            "type": "string",
            "hasDefault": false,
            "isUnique": false,
            "hasCustomDefault": false,
            "notNull": true,
            "_type": "varchar",
            "width": 120,
            "visible": true
          }
        ],
        "primaryKeys": [],
        "type": "table",
        "id": "public.mockInterview",
        "relations": [],
        "filters": [],
        "sort": null,
        "pagination": {
          "limit": 50,
          "offset": 0
        },
        "records": [],
        "createdRecords": [],
        "editedFields": [],
        "schema": "public",
        "historyId": "JAeNfFdMf1WtUJMSmjRlw",
        "executionTime": 348
      }
    },
    "version": 0
  },
  "drizzle-db-neondb": {
    "state": {
      "styleMode": "default",
      "currentPage": "main",
      "filterViews": {},
      "isSidebarOpen": true,
      "isShowSidebarContent": true,
      "filtersVisible": false,
      "sidebarWidth": 268,
      "currentSchema": {
        "name": "public",
        "tables": [],
        "views": []
      },
      "currentTable": null
    },
    "version": 0
  },
  "drizzle-neon": {
    "state": {
      "database": {
        "name": "neondb",
        "id": "neondb"
      }
    },
    "version": 0
  },
  "drizzle-global": {
    "state": {
      "showCounts": false,
      "flatSchemas": false,
      "dataFormats": null
    },
    "version": 0
  },
  "drizzle-playground": {
    "state": {
      "currentFile": "sql",
      "drizzleValue": null,
      "sqlValue": null,
      "showRecordsAsJson": false,
      "drizzleResult": "{\"json\":null}",
      "sqlResult": "{\"json\":null}"
    },
    "version": 0
  },
  "drizzle-db-Devanshu": {
    "state": {
      "styleMode": "default",
      "currentPage": "main",
      "filterViews": {},
      "isSidebarOpen": true,
      "isShowSidebarContent": true,
      "filtersVisible": false,
      "sidebarWidth": 268,
      "currentSchema": {
        "name": "public",
        "tables": [],
        "views": []
      },
      "currentTable": {
        "name": "MockInterview",
        "columns": [
          {
            "name": "id",
            "type": "number",
            "hasDefault": true,
            "isUnique": false,
            "hasCustomDefault": false,
            "notNull": true,
            "_type": "serial",
            "width": 120,
            "visible": true
          },
          {
            "name": "jsonMockResp",
            "type": "string",
            "hasDefault": false,
            "isUnique": false,
            "hasCustomDefault": false,
            "notNull": true,
            "_type": "text",
            "width": 180,
            "visible": true
          },
          {
            "name": "jobPosition",
            "type": "string",
            "hasDefault": false,
            "isUnique": false,
            "hasCustomDefault": false,
            "notNull": true,
            "_type": "varchar",
            "width": 165,
            "visible": true
          },
          {
            "name": "jobDesc",
            "type": "string",
            "hasDefault": false,
            "isUnique": false,
            "hasCustomDefault": false,
            "notNull": true,
            "_type": "varchar",
            "width": 120,
            "visible": true
          },
          {
            "name": "jobExperience",
            "type": "string",
            "hasDefault": false,
            "isUnique": false,
            "hasCustomDefault": false,
            "notNull": true,
            "_type": "varchar",
            "width": 195,
            "visible": true
          },
          {
            "name": "createdBy",
            "type": "string",
            "hasDefault": false,
            "isUnique": false,
            "hasCustomDefault": false,
            "notNull": true,
            "_type": "varchar",
            "width": 135,
            "visible": true
          },
          {
            "name": "createdAt",
            "type": "string",
            "hasDefault": false,
            "isUnique": false,
            "hasCustomDefault": false,
            "notNull": false,
            "_type": "varchar",
            "width": 135,
            "visible": true
          },
          {
            "name": "mockId",
            "type": "string",
            "hasDefault": false,
            "isUnique": false,
            "hasCustomDefault": false,
            "notNull": true,
            "_type": "varchar",
            "width": 120,
            "visible": true
          }
        ],
        "primaryKeys": [],
        "type": "table",
        "id": "public.MockInterview",
        "relations": [],
        "filters": [],
        "sort": null,
        "pagination": {
          "limit": 50,
          "offset": 0
        },
        "records": [],
        "createdRecords": [],
        "editedFields": [],
        "schema": "public",
        "historyId": "vy98Zt_GHAIE17Oy5dFIk",
        "executionTime": 396
      }
    },
    "version": 0
  }
}